date,store_total,FOODS,HOBBIES
2011-01-29,4337,3239,556
2011-01-30,4155,3137,498
2011-01-31,2816,2008,415
2011-02-01,3051,2258,392
2011-02-02,2630,2032,268
2011-02-03,3276,2407,467
2011-02-04,3450,2693,346
2011-02-05,5437,3962,769
2011-02-06,4340,3418,432
2011-02-07,3157,2446,384
2011-02-08,2995,2138,496
2011-02-09,2710,2001,399
2011-02-10,2928,2137,454
2011-02-11,3078,2217,453
2011-02-12,4316,3067,692
2011-02-13,4354,3313,458
2011-02-14,2757,2003,379
2011-02-15,2430,1779,334
2011-02-16,2272,1670,270
2011-02-17,2009,1433,280
2011-02-18,3015,2250,311
2011-02-19,4553,3148,793
2011-02-20,3966,2864,501
2011-02-21,3264,2105,626
2011-02-22,2441,1621,455
2011-02-23,2377,1608,418
2011-02-24,2414,1639,426
2011-02-25,2701,1875,403
2011-02-26,3719,2574,613
2011-02-27,3548,2733,215
2011-02-28,2246,1732,178
2011-03-01,2549,1896,230
2011-03-02,2559,1965,197
2011-03-03,2568,1984,168
2011-03-04,2978,2369,193
2011-03-05,4096,3223,300
2011-03-06,4832,3464,761
2011-03-07,3138,2262,470
2011-03-08,2997,2165,465
2011-03-09,2772,2100,357
2011-03-10,2650,2003,329
2011-03-11,3249,2480,335
2011-03-12,4114,2895,655
2011-03-13,4094,3081,411
2011-03-14,2880,2079,356
2011-03-15,2384,1656,344
2011-03-16,2522,1805,374
2011-03-17,2435,1657,391
2011-03-18,2744,2005,303
2011-03-19,4142,2826,669
2011-03-20,3904,2795,492
2011-03-21,2635,1935,354
2011-03-22,2458,1595,518
2011-03-23,2079,1473,298
2011-03-24,2281,1431,528
2011-03-25,2740,1869,440
2011-03-26,3899,2648,627
2011-03-27,3999,2801,533
2011-03-28,2780,1903,533
2011-03-29,2167,1471,333
2011-03-30,2247,1612,341
2011-03-31,2576,1849,377
2011-04-01,3500,2528,462
2011-04-02,4325,3013,565
2011-04-03,4396,3136,604
2011-04-04,3642,2615,490
2011-04-05,2784,2047,393
2011-04-06,2602,1897,354
2011-04-07,2976,2150,439
2011-04-08,3294,2342,504
2011-04-09,4083,2825,603
2011-04-10,4194,2978,569
2011-04-11,3015,2007,552
2011-04-12,2512,1653,452
2011-04-13,2217,1550,299
2011-04-14,2520,1631,514
2011-04-15,2867,2141,277
2011-04-16,3571,2465,524
2011-04-17,4084,2980,460
2011-04-18,2760,1833,417
2011-04-19,2234,1628,208
2011-04-20,2261,1520,345
2011-04-21,2487,1759,323
2011-04-22,3155,2274,339
2011-04-23,4187,2909,628
2011-04-24,2946,2051,366
2011-04-25,2439,1518,514
2011-04-26,2085,1411,332
2011-04-27,2096,1294,436
2011-04-28,2086,1374,355
2011-04-29,2675,1808,355
2011-04-30,3560,2278,601
2011-05-01,3668,2550,537
2011-05-02,2911,1962,441
2011-05-03,2839,2044,356
2011-05-04,2610,1924,341
2011-05-05,2384,1648,397
2011-05-06,3125,2322,377
2011-05-07,3816,2605,612
2011-05-08,3033,2096,426
2011-05-09,3069,2199,400
2011-05-10,2985,2044,580
2011-05-11,2629,1797,455
2011-05-12,2277,1630,287
2011-05-13,3008,2078,422
2011-05-14,3754,2608,529
2011-05-15,3822,2704,452
2011-05-16,2582,1651,517
2011-05-17,2144,1550,260
2011-05-18,2174,1535,317
2011-05-19,2168,1516,306
2011-05-20,2664,1847,370
2011-05-21,3463,2332,571
2011-05-22,3597,2525,465
2011-05-23,2461,1648,442
2011-05-24,2160,1556,284
2011-05-25,2251,1512,419
2011-05-26,2296,1487,437
2011-05-27,2642,1786,412
2011-05-28,3214,2140,565
2011-05-29,3202,2270,381
2011-05-30,2884,2013,339
2011-05-31,2156,1505,260
2011-06-01,2529,1701,375
2011-06-02,2652,1748,444
2011-06-03,3200,2265,417
2011-06-04,3942,2842,405
2011-06-05,3871,2832,373
2011-06-06,3056,2187,385
2011-06-07,2763,1963,369
2011-06-08,2884,1809,651
2011-06-09,2787,2039,368
2011-06-10,3420,2447,501
2011-06-11,3588,2435,593
2011-06-12,3569,2586,384
2011-06-13,3149,2215,477
2011-06-14,2894,2035,465
2011-06-15,2679,1973,293
2011-06-16,2535,1743,376
2011-06-17,2971,1996,505
2011-06-18,3896,2539,731
2011-06-19,3109,2200,397
2011-06-20,2848,2062,330
2011-06-21,2936,2144,366
2011-06-22,2557,1735,395
2011-06-23,2624,1806,362
2011-06-24,3071,2092,460
2011-06-25,3354,2299,514
2011-06-26,3672,2491,445
2011-06-27,2912,1927,533
2011-06-28,2200,1473,335
2011-06-29,2166,1497,298
2011-06-30,2542,1752,361
2011-07-01,3681,2663,427
2011-07-02,4276,3108,555
2011-07-03,3885,2942,370
2011-07-04,2672,2038,260
2011-07-05,3177,2364,355
2011-07-06,3542,2441,615
2011-07-07,3362,2403,486
2011-07-08,3252,2385,339
2011-07-09,3923,2762,500
2011-07-10,4286,3066,429
2011-07-11,2785,2026,282
2011-07-12,2380,1602,379
2011-07-13,2501,1768,365
2011-07-14,2467,1639,391
2011-07-15,2922,1973,418
2011-07-16,3688,2541,539
2011-07-17,3587,2445,444
2011-07-18,2936,2015,411
2011-07-19,2373,1665,324
2011-07-20,2511,1727,337
2011-07-21,2585,1818,289
2011-07-22,3069,2199,408
2011-07-23,3851,2526,706
2011-07-24,3773,2526,586
2011-07-25,2762,1867,447
2011-07-26,2322,1641,280
2011-07-27,2337,1543,391
2011-07-28,2518,1665,437
2011-07-29,2915,2156,288
2011-07-30,2930,2002,373
2011-07-31,3493,2353,494
2011-08-01,2860,1963,363
2011-08-02,3018,2070,470
2011-08-03,2919,1991,440
2011-08-04,3003,2162,385
2011-08-05,3450,2370,551
2011-08-06,3818,2580,622
2011-08-07,3930,2800,464
2011-08-08,3246,2394,335
2011-08-09,2862,2006,409
2011-08-10,2699,1994,291
2011-08-11,2728,1861,403
2011-08-12,3292,2288,455
2011-08-13,4077,2742,582
2011-08-14,4202,2957,494
2011-08-15,2879,1938,384
2011-08-16,2718,1884,335
2011-08-17,2577,1833,318
2011-08-18,2574,1851,311
2011-08-19,3080,2079,469
2011-08-20,3702,2440,584
2011-08-21,4462,3177,444
2011-08-22,2722,1867,378
2011-08-23,2217,1537,294
2011-08-24,2440,1662,381
2011-08-25,2483,1700,382
2011-08-26,2873,1921,471
2011-08-27,3769,2582,529
2011-08-28,3701,2670,342
2011-08-29,2407,1708,298
2011-08-30,2114,1375,373
2011-08-31,2291,1470,392
2011-09-01,2668,1846,368
2011-09-02,3412,2362,503
2011-09-03,4127,2717,758
2011-09-04,3542,2568,372
2011-09-05,3485,2469,408
2011-09-06,3130,2115,553
2011-09-07,2674,1900,381
2011-09-08,2826,1979,398
2011-09-09,3238,2297,406
2011-09-10,3873,2718,492
2011-09-11,4046,2876,442
2011-09-12,2835,1933,422
2011-09-13,2383,1575,334
2011-09-14,2186,1482,369
2011-09-15,2388,1628,336
2011-09-16,2813,1975,329
2011-09-17,3515,2454,412
2011-09-18,3670,2670,372
2011-09-19,2606,1789,340
2011-09-20,2558,1740,346
2011-09-21,2453,1646,424
2011-09-22,2366,1606,386
2011-09-23,3475,2451,473
2011-09-24,4059,2872,459
2011-09-25,4086,2872,485
2011-09-26,2846,2028,336
2011-09-27,2438,1722,345
2011-09-28,2581,1696,486
2011-09-29,2437,1587,449
2011-09-30,3623,2512,540
2011-10-01,5037,3450,771
2011-10-02,4685,3361,507
2011-10-03,3298,2361,448
2011-10-04,3200,2214,474
2011-10-05,2798,2086,334
2011-10-06,2690,2011,307
2011-10-07,3541,2631,425
2011-10-08,4604,3279,678
2011-10-09,4417,3296,408
2011-10-10,3572,2726,364
2011-10-11,3110,2059,633
2011-10-12,2609,1901,337
2011-10-13,2859,1979,482
2011-10-14,3337,2371,456
2011-10-15,4253,2930,613
2011-10-16,4250,2963,532
2011-10-17,2761,1944,305
2011-10-18,2494,1742,337
2011-10-19,2540,1772,389
2011-10-20,2654,1851,429
2011-10-21,3438,2374,504
2011-10-22,4243,3011,557
2011-10-23,4319,3200,415
2011-10-24,2878,2036,362
2011-10-25,2517,1890,237
2011-10-26,2343,1660,297
2011-10-27,2720,1909,452
2011-10-28,3162,2184,475
2011-10-29,4162,3022,460
2011-10-30,4227,3063,429
2011-10-31,2435,1622,403
2011-11-01,2774,1924,440
2011-11-02,2977,2129,426
2011-11-03,3014,2210,355
2011-11-04,3747,2644,508
2011-11-05,4515,3325,493
2011-11-06,4852,3641,488
2011-11-07,3284,2406,301
2011-11-08,3318,2416,431
2011-11-09,2780,2140,284
2011-11-10,3277,2495,341
2011-11-11,3858,2879,372
2011-11-12,4292,3042,642
2011-11-13,4150,3164,351
2011-11-14,3035,2299,321
2011-11-15,2707,1932,355
2011-11-16,2495,1776,331
2011-11-17,2388,1771,244
2011-11-18,3012,2214,366
2011-11-19,4681,3333,599
2011-11-20,4415,3232,454
2011-11-21,3209,2333,351
2011-11-22,3637,2744,426
2011-11-23,3663,2926,261
2011-11-24,1941,1631,90
2011-11-25,3162,2262,456
2011-11-26,3077,2194,365
2011-11-27,3341,2494,320
2011-11-28,2514,1808,312
2011-11-29,2628,1838,480
2011-11-30,2412,1783,276
2011-12-01,2699,1925,389
2011-12-02,3504,2487,482
2011-12-03,4832,3364,778
2011-12-04,4632,3390,551
2011-12-05,3367,2517,359
2011-12-06,2960,2256,310
2011-12-07,2889,2080,485
2011-12-08,3331,2460,499
2011-12-09,3435,2528,450
2011-12-10,4575,3482,435
2011-12-11,4312,3262,438
2011-12-12,3267,2468,429
2011-12-13,2946,2230,375
2011-12-14,2871,2143,376
2011-12-15,3109,2431,252
2011-12-16,3399,2505,415
2011-12-17,4463,3349,523
2011-12-18,4253,3218,384
2011-12-19,3333,2467,430
2011-12-20,3236,2459,368
2011-12-21,3367,2567,356
2011-12-22,3609,2740,403
2011-12-23,4652,3677,423
2011-12-24,3454,2758,334
2011-12-25,0,0,0
2011-12-26,3335,2360,483
2011-12-27,3111,2230,469
2011-12-28,3097,2228,410
2011-12-29,3233,2415,322
2011-12-30,4638,3248,711
2011-12-31,4236,3324,384
2012-01-01,2648,2054,232
2012-01-02,3931,2926,342
2012-01-03,3496,2504,488
2012-01-04,3284,2332,490
2012-01-05,3444,2613,343
2012-01-06,3854,2692,612
2012-01-07,4670,3523,503
2012-01-08,4585,3510,377
2012-01-09,3637,2875,332
2012-01-10,3217,2354,456
2012-01-11,2994,2164,485
2012-01-12,2655,1901,392
2012-01-13,3550,2657,418
2012-01-14,4271,3145,456
2012-01-15,4111,3070,415
2012-01-16,3670,2765,381
2012-01-17,2824,2111,366
2012-01-18,2729,2017,320
2012-01-19,2782,2033,406
2012-01-20,3153,2447,291
2012-01-21,5107,3766,574
2012-01-22,3965,3054,373
2012-01-23,2678,1969,316
2012-01-24,2571,1947,285
2012-01-25,2460,1788,296
2012-01-26,2680,1805,499
2012-01-27,3444,2506,456
2012-01-28,4241,3082,494
2012-01-29,4147,3135,411
2012-01-30,2889,2167,263
2012-01-31,2892,2163,329
2012-02-01,3205,2394,403
2012-02-02,3409,2502,436
2012-02-03,4269,3134,537
2012-02-04,5786,4370,643
2012-02-05,4783,3743,482
2012-02-06,3638,2665,442
2012-02-07,3159,2392,365
2012-02-08,3041,2362,287
2012-02-09,3034,2303,317
2012-02-10,3516,2773,253
2012-02-11,5463,4082,593
2012-02-12,5230,4031,449
2012-02-13,3674,2966,217
2012-02-14,2603,1997,311
2012-02-15,2669,1938,334
2012-02-16,2832,2045,348
2012-02-17,3311,2420,335
2012-02-18,4534,3314,544
2012-02-19,4535,3376,428
2012-02-20,3721,2770,343
2012-02-21,2823,2045,352
2012-02-22,2774,2006,395
2012-02-23,2798,2035,326
2012-02-24,3280,2503,278
2012-02-25,4806,3481,594
2012-02-26,4430,3415,372
2012-02-27,2998,2197,325
2012-02-28,2707,2011,275
2012-02-29,2915,2025,485
2012-03-01,3603,2538,598
2012-03-02,4025,2915,521
2012-03-03,5123,3843,544
2012-03-04,5165,3965,435
2012-03-05,3893,3036,290
2012-03-06,3398,2561,405
2012-03-07,3541,2658,402
2012-03-08,3392,2663,262
2012-03-09,3786,2860,362
2012-03-10,5354,4045,535
2012-03-11,5502,4013,653
2012-03-12,3643,2729,390
2012-03-13,2836,2043,323
2012-03-14,2821,2157,236
2012-03-15,3161,2323,382
2012-03-16,3737,2708,500
2012-03-17,4718,3442,517
2012-03-18,4966,3657,465
2012-03-19,3621,2647,420
2012-03-20,2939,2155,349
2012-03-21,2764,2051,280
2012-03-22,3103,2439,263
2012-03-23,3414,2515,411
2012-03-24,5211,3809,657
2012-03-25,5240,3925,475
2012-03-26,3167,2366,311
2012-03-27,2889,2061,399
2012-03-28,2768,1997,358
2012-03-29,2625,1975,257
2012-03-30,4255,3104,586
2012-03-31,4902,3508,630
2012-04-01,5181,3993,440
2012-04-02,3825,2886,446
2012-04-03,4005,3114,409
2012-04-04,3493,2784,269
2012-04-05,3973,3033,392
2012-04-06,5085,4053,483
2012-04-07,6035,4812,487
2012-04-08,3962,3169,273
2012-04-09,3984,3007,445
2012-04-10,3859,2903,483
2012-04-11,3310,2450,364
2012-04-12,3293,2377,454
2012-04-13,4136,2881,773
2012-04-14,5114,3868,491
2012-04-15,4950,3772,470
2012-04-16,3279,2351,484
2012-04-17,2784,2148,256
2012-04-18,2764,2012,304
2012-04-19,3330,2380,526
2012-04-20,4124,3129,483
2012-04-21,5027,3869,529
2012-04-22,5179,3845,587
2012-04-23,2968,2254,265
2012-04-24,3032,2265,282
2012-04-25,2851,2167,293
2012-04-26,3003,2228,313
2012-04-27,3820,2798,500
2012-04-28,4754,3551,572
2012-04-29,4856,3721,436
2012-04-30,3353,2547,299
2012-05-01,3605,2714,403
2012-05-02,3514,2588,504
2012-05-03,3981,2864,624
2012-05-04,4168,3153,431
2012-05-05,4457,3399,505
2012-05-06,5695,4314,618
2012-05-07,4326,3578,246
2012-05-08,3577,2841,312
2012-05-09,3501,2946,158
2012-05-10,3735,2947,345
2012-05-11,4293,3515,288
2012-05-12,5546,4519,312
2012-05-13,4390,3435,346
2012-05-14,3397,2739,212
2012-05-15,3429,2710,228
2012-05-16,3570,2799,354
2012-05-17,3339,2630,254
2012-05-18,4107,3261,352
2012-05-19,4904,3941,320
2012-05-20,5477,4367,341
2012-05-21,3583,2725,281
2012-05-22,2713,2144,174
2012-05-23,2852,2205,215
2012-05-24,3272,2560,247
2012-05-25,4120,3248,352
2012-05-26,4700,3645,382
2012-05-27,4572,3437,413
2012-05-28,4070,2975,500
2012-05-29,3277,2312,529
2012-05-30,2977,2122,440
2012-05-31,3546,2545,489
2012-06-01,4575,3423,496
2012-06-02,5652,4243,498
2012-06-03,5336,3943,503
2012-06-04,3993,2942,463
2012-06-05,3772,2888,326
2012-06-06,3558,2619,455
2012-06-07,3724,2873,357
2012-06-08,4448,3455,503
2012-06-09,4946,3720,541
2012-06-10,5484,4110,540
2012-06-11,4310,3200,470
2012-06-12,3845,2907,340
2012-06-13,3734,2772,444
2012-06-14,3838,2806,349
2012-06-15,4683,3485,379
2012-06-16,5587,4185,574
2012-06-17,4618,3518,361
2012-06-18,3740,2719,383
2012-06-19,3486,2610,265
2012-06-20,3427,2439,365
2012-06-21,3580,2498,473
2012-06-22,4760,3494,591
2012-06-23,4891,3436,560
2012-06-24,5226,3962,379
2012-06-25,3654,2670,332
2012-06-26,3181,2311,307
2012-06-27,3253,2195,416
2012-06-28,3555,2660,359
2012-06-29,4280,3090,446
2012-06-30,5356,3783,628
2012-07-01,5548,4125,402
2012-07-02,4155,3093,353
2012-07-03,4609,3401,428
2012-07-04,3497,2744,199
2012-07-05,3455,2539,246
2012-07-06,4426,3280,363
2012-07-07,4784,3604,376
2012-07-08,5481,4070,463
2012-07-09,4280,3311,280
2012-07-10,3947,2902,452
2012-07-11,3678,2599,456
2012-07-12,3778,2710,469
2012-07-13,4322,3133,418
2012-07-14,4912,3543,473
2012-07-15,4954,3651,407
2012-07-16,3583,2539,365
2012-07-17,3493,2499,433
2012-07-18,3285,2468,292
2012-07-19,3491,2511,420
2012-07-20,4488,3337,493
2012-07-21,5011,3713,472
2012-07-22,5301,3753,569
2012-07-23,3560,2522,393
2012-07-24,3255,2411,239
2012-07-25,3182,2329,243
2012-07-26,3575,2680,306
2012-07-27,3750,2823,291
2012-07-28,3971,2849,401
2012-07-29,4161,3148,249
2012-07-30,3406,2450,405
2012-07-31,3401,2452,323
2012-08-01,3819,2762,397
2012-08-02,4307,3156,450
2012-08-03,4470,3327,392
2012-08-04,5143,3870,421
2012-08-05,5538,4253,288
2012-08-06,4378,3440,234
2012-08-07,3855,2904,336
2012-08-08,3924,3037,271
2012-08-09,3810,2986,259
2012-08-10,4561,3596,261
2012-08-11,5529,4265,432
2012-08-12,5284,3958,429
2012-08-13,3864,3005,263
2012-08-14,3762,2865,256
2012-08-15,3471,2624,281
2012-08-16,3902,2968,324
2012-08-17,4366,3352,343
2012-08-18,5898,4507,473
2012-08-19,5934,4470,404
2012-08-20,3896,2853,316
2012-08-21,3564,2663,239
2012-08-22,3255,2403,274
2012-08-23,3208,2357,284
2012-08-24,3686,2710,321
2012-08-25,5082,3790,407
2012-08-26,5283,3823,425
2012-08-27,3423,2503,327
2012-08-28,3144,2351,271
2012-08-29,2879,2155,206
2012-08-30,3242,2403,314
2012-08-31,4095,3007,409
2012-09-01,5894,4527,440
2012-09-02,5403,4128,367
2012-09-03,5157,3933,377
2012-09-04,3921,2900,319
2012-09-05,3369,2602,210
2012-09-06,3242,2423,195
2012-09-07,4074,3143,316
2012-09-08,4844,3693,346
2012-09-09,5704,4247,434
2012-09-10,3714,2803,264
2012-09-11,3264,2461,255
2012-09-12,3044,2271,228
2012-09-13,3348,2447,326
2012-09-14,4097,3049,336
2012-09-15,5011,3689,428
2012-09-16,5224,3951,366
2012-09-17,3364,2487,251
2012-09-18,3290,2358,268
2012-09-19,2980,2089,320
2012-09-20,3102,2321,265
2012-09-21,3918,2847,333
2012-09-22,5121,3646,538
2012-09-23,5349,3914,403
2012-09-24,3106,2230,280
2012-09-25,2939,2167,265
2012-09-26,2838,2099,263
2012-09-27,2676,1989,215
2012-09-28,3837,2749,421
2012-09-29,4722,3543,336
2012-09-30,5091,3819,362
2012-10-01,3957,2884,410
2012-10-02,3822,2951,293
2012-10-03,3646,2751,279
2012-10-04,3295,2513,296
2012-10-05,3653,2654,337
2012-10-06,5038,3817,365
2012-10-07,5583,4251,403
2012-10-08,4069,3046,302
2012-10-09,3431,2643,259
2012-10-10,3106,2349,268
2012-10-11,3029,2205,325
2012-10-12,3730,2743,374
2012-10-13,4226,3063,366
2012-10-14,4773,3344,470
2012-10-15,3348,2392,333
2012-10-16,2870,2043,276
2012-10-17,2938,2105,291
2012-10-18,2784,1939,337
2012-10-19,3326,2419,275
2012-10-20,4226,2946,405
2012-10-21,4554,3216,404
2012-10-22,3035,2182,291
2012-10-23,2845,1965,364
2012-10-24,2566,1823,350
2012-10-25,2764,1988,235
2012-10-26,3361,2521,269
2012-10-27,4297,3195,338
2012-10-28,4627,3284,547
2012-10-29,3212,2391,265
2012-10-30,2926,2201,243
2012-10-31,2319,1682,213
2012-11-01,3176,2275,310
2012-11-02,3914,2734,434
2012-11-03,4839,3488,381
2012-11-04,5096,3679,413
2012-11-05,3638,2807,218
2012-11-06,3003,2227,292
2012-11-07,3226,2485,248
2012-11-08,3156,2396,279
2012-11-09,3894,3011,317
2012-11-10,5075,3722,464
2012-11-11,4781,3549,355
2012-11-12,3505,2646,249
2012-11-13,2886,2167,239
2012-11-14,2495,1870,176
2012-11-15,2778,2032,201
2012-11-16,3566,2662,310
2012-11-17,4817,3476,498
2012-11-18,4441,3228,376
2012-11-19,3385,2523,316
2012-11-20,3585,2720,295
2012-11-21,3843,3057,243
2012-11-22,2054,1673,97
2012-11-23,2369,1725,204
2012-11-24,2964,2171,259
2012-11-25,3639,2579,317
2012-11-26,2931,2136,315
2012-11-27,2657,1938,232
2012-11-28,2456,1815,248
2012-11-29,2277,1658,181
2012-11-30,3079,2242,228
2012-12-01,5085,3720,433
2012-12-02,4097,3097,308
2012-12-03,3804,2847,333
2012-12-04,2983,2189,282
2012-12-05,2834,2188,204
2012-12-06,3141,2372,281
2012-12-07,3762,2879,281
2012-12-08,4849,3678,412
2012-12-09,4702,3622,303
2012-12-10,3682,2869,277
2012-12-11,3004,2275,237
2012-12-12,2856,2169,282
2012-12-13,2856,2100,252
2012-12-14,3467,2614,262
2012-12-15,4475,3305,408
2012-12-16,4542,3269,379
2012-12-17,3188,2378,260
2012-12-18,3277,2397,332
2012-12-19,2968,2212,255
2012-12-20,3266,2529,243
2012-12-21,3748,2824,376
2012-12-22,4528,3524,382
2012-12-23,4171,3309,271
2012-12-24,3370,2731,198
2012-12-25,0,0,0
2012-12-26,2862,2045,247
2012-12-27,2973,2079,232
2012-12-28,3378,2415,283
2012-12-29,3978,2781,329
2012-12-30,4364,3111,358
2012-12-31,3789,2974,266
2013-01-01,2552,1888,146
2013-01-02,3532,2508,272
2013-01-03,3957,2813,288
2013-01-04,4134,2962,319
2013-01-05,4673,3320,364
2013-01-06,4855,3557,315
2013-01-07,3738,2847,197
2013-01-08,3279,2449,240
2013-01-09,2780,2118,251
2013-01-10,3308,2543,318
2013-01-11,3807,2837,373
2013-01-12,4781,3694,349
2013-01-13,4465,3351,329
2013-01-14,3048,2295,228
2013-01-15,2891,2194,249
2013-01-16,2731,1992,260
2013-01-17,2891,2150,242
2013-01-18,3698,2619,314
2013-01-19,4801,3533,330
2013-01-20,4084,2966,357
2013-01-21,3566,2537,347
2013-01-22,2764,1922,320
2013-01-23,2652,1807,340
2013-01-24,2778,1857,450
2013-01-25,3278,2264,379
2013-01-26,4742,3307,576
2013-01-27,4444,3102,457
2013-01-28,3054,2088,445
2013-01-29,2869,2012,418
2013-01-30,2389,1717,282
2013-01-31,2984,2116,370
2013-02-01,4526,3039,815
2013-02-02,6232,4472,823
2013-02-03,4018,3046,288
2013-02-04,3092,2214,297
2013-02-05,2966,2252,227
2013-02-06,3097,2283,339
2013-02-07,3294,2442,281
2013-02-08,3879,2849,307
2013-02-09,5346,3843,456
2013-02-10,5499,3969,523
2013-02-11,4054,2885,485
2013-02-12,3242,2165,484
2013-02-13,3514,2541,448
2013-02-14,2820,2045,336
2013-02-15,4121,2765,614
2013-02-16,4931,3350,636
2013-02-17,4884,3282,494
2013-02-18,3947,2591,441
2013-02-19,2867,1989,369
2013-02-20,3232,2286,446
2013-02-21,3408,2309,444
2013-02-22,4098,2790,540
2013-02-23,4835,3208,618
2013-02-24,4711,3229,521
2013-02-25,3416,2261,531
2013-02-26,2850,2026,336
2013-02-27,2953,2036,412
2013-02-28,3124,2105,416
2013-03-01,4091,2699,573
2013-03-02,5468,3680,695
2013-03-03,5520,4006,451
2013-03-04,3678,2656,377
2013-03-05,3182,2328,282
2013-03-06,3188,2456,224
2013-03-07,3070,2324,206
2013-03-08,3943,2978,305
2013-03-09,4998,3621,466
2013-03-10,4903,3479,513
2013-03-11,3638,2529,413
2013-03-12,3085,2149,326
2013-03-13,2908,1985,385
2013-03-14,3214,2163,434
2013-03-15,3958,2758,509
2013-03-16,4974,3378,569
2013-03-17,4889,3282,556
2013-03-18,3033,2025,322
2013-03-19,2950,1984,469
2013-03-20,3215,2234,389
2013-03-21,3188,2146,424
2013-03-22,4067,2789,477
2013-03-23,4724,3228,576
2013-03-24,4793,3280,395
2013-03-25,3366,2346,316
2013-03-26,3110,2192,221
2013-03-27,2973,2083,266
2013-03-28,3645,2661,291
2013-03-29,4468,3274,375
2013-03-30,5978,4414,465
2013-03-31,4279,3191,343
2013-04-01,3545,2301,500
2013-04-02,3675,2495,501
2013-04-03,3924,2596,545
2013-04-04,3938,2602,612
2013-04-05,4388,2992,580
2013-04-06,5385,3672,658
2013-04-07,5683,3852,569
2013-04-08,3901,2620,409
2013-04-09,3809,2550,475
2013-04-10,3653,2611,401
2013-04-11,3641,2513,382
2013-04-12,3825,2576,525
2013-04-13,4737,3255,502
2013-04-14,5072,3214,685
2013-04-15,3428,2310,346
2013-04-16,3016,1946,474
2013-04-17,3079,2128,371
2013-04-18,3051,2013,438
2013-04-19,3887,2680,460
2013-04-20,4923,3333,608
2013-04-21,5031,3406,552
2013-04-22,3625,2417,488
2013-04-23,3037,1956,512
2013-04-24,3073,2115,348
2013-04-25,3194,2126,442
2013-04-26,3843,2506,559
2013-04-27,4665,3073,666
2013-04-28,4723,3319,367
2013-04-29,3338,2472,223
2013-04-30,3276,2284,341
2013-05-01,3456,2351,361
2013-05-02,3604,2618,288
2013-05-03,4455,3287,298
2013-05-04,5225,3831,368
2013-05-05,5504,3792,474
2013-05-06,4257,3075,351
2013-05-07,3645,2636,341
2013-05-08,3542,2426,405
2013-05-09,3633,2629,373
2013-05-10,4292,3017,503
2013-05-11,6041,4200,731
2013-05-12,4486,3265,357
2013-05-13,3791,2591,366
2013-05-14,3564,2359,428
2013-05-15,3492,2360,415
2013-05-16,3701,2549,401
2013-05-17,4126,2835,482
2013-05-18,4746,3162,565
2013-05-19,5470,3774,531
2013-05-20,4063,2657,575
2013-05-21,3626,2451,462
2013-05-22,3473,2269,524
2013-05-23,3580,2466,431
2013-05-24,4390,3010,534
2013-05-25,4766,3182,610
2013-05-26,4416,2976,537
2013-05-27,4390,2985,481
2013-05-28,3575,2300,507
2013-05-29,3104,2110,344
2013-05-30,3439,2321,438
2013-05-31,4393,3095,470
2013-06-01,5654,3856,657
2013-06-02,5987,3982,705
2013-06-03,4602,2966,656
2013-06-04,3857,2694,388
2013-06-05,4174,2842,623
2013-06-06,3048,2120,396
2013-06-07,4783,3358,587
2013-06-08,5714,4011,581
2013-06-09,6091,4186,670
2013-06-10,4672,3336,516
2013-06-11,3859,2612,463
2013-06-12,3765,2649,489
2013-06-13,3910,2738,470
2013-06-14,4782,3523,458
2013-06-15,5526,3936,603
2013-06-16,4718,3373,461
2013-06-17,3816,2624,504
2013-06-18,3772,2530,495
2013-06-19,3350,2246,379
2013-06-20,3770,2567,434
2013-06-21,4870,3308,629
2013-06-22,5213,3766,495
2013-06-23,5505,3790,571
2013-06-24,3985,2659,499
2013-06-25,3641,2298,558
2013-06-26,3719,2637,408
2013-06-27,3635,2610,367
2013-06-28,4895,3651,432
2013-06-29,5485,4075,399
2013-06-30,5782,4077,575
2013-07-01,5052,3672,516
2013-07-02,4745,3559,366
2013-07-03,5295,3874,565
2013-07-04,4607,3504,455
2013-07-05,5104,3799,476
2013-07-06,4853,3445,484
2013-07-07,6065,4336,554
2013-07-08,4430,3254,386
2013-07-09,4176,3081,350
2013-07-10,4183,3125,330
2013-07-11,3976,2888,395
2013-07-12,4910,3376,543
2013-07-13,5275,3725,510
2013-07-14,6037,4179,694
2013-07-15,4116,2888,409
2013-07-16,3851,2719,438
2013-07-17,3764,2728,364
2013-07-18,3892,2828,329
2013-07-19,4674,3203,531
2013-07-20,5538,3799,636
2013-07-21,5913,3908,754
2013-07-22,3938,2777,349
2013-07-23,3885,2714,444
2013-07-24,3693,2661,335
2013-07-25,3748,2598,405
2013-07-26,4248,2925,458
2013-07-27,4708,3239,488
2013-07-28,5291,3786,453
2013-07-29,4008,2743,531
2013-07-30,3702,2660,361
2013-07-31,3611,2504,433
2013-08-01,4382,3135,501
2013-08-02,5314,3769,662
2013-08-03,5888,4222,554
2013-08-04,5541,3836,545
2013-08-05,4726,3378,493
2013-08-06,4153,2980,466
2013-08-07,4360,3263,470
2013-08-08,4249,3124,404
2013-08-09,4789,3514,455
2013-08-10,6308,4744,493
2013-08-11,6276,4688,541
2013-08-12,4561,3392,462
2013-08-13,3775,2785,355
2013-08-14,3762,2721,427
2013-08-15,4118,3115,360
2013-08-16,4821,3552,491
2013-08-17,5603,4105,508
2013-08-18,5691,4212,507
2013-08-19,4215,3063,438
2013-08-20,3539,2554,290
2013-08-21,4259,3010,492
2013-08-22,3840,2652,464
2013-08-23,4316,3058,465
2013-08-24,5596,4016,454
2013-08-25,6948,5016,651
2013-08-26,3883,2784,365
2013-08-27,3530,2497,428
2013-08-28,3490,2437,383
2013-08-29,3600,2547,396
2013-08-30,5198,3701,547
2013-08-31,6544,4767,682
2013-09-01,6053,4585,359
2013-09-02,5838,4427,294
2013-09-03,4324,3216,271
2013-09-04,3805,2923,225
2013-09-05,3826,2958,224
2013-09-06,4618,3559,284
2013-09-07,5756,4486,372
2013-09-08,6703,5015,513
2013-09-09,4653,3458,447
2013-09-10,4169,3013,487
2013-09-11,3695,2710,350
2013-09-12,3770,2656,465
2013-09-13,4568,3295,525
2013-09-14,5627,4044,567
2013-09-15,5812,4040,588
2013-09-16,4164,2974,438
2013-09-17,3865,2776,470
2013-09-18,3547,2565,349
2013-09-19,3621,2555,439
2013-09-20,4631,3253,473
2013-09-21,5875,4172,563
2013-09-22,6214,4532,514
2013-09-23,3949,2861,458
2013-09-24,3765,2662,420
2013-09-25,3235,2178,444
2013-09-26,3473,2449,444
2013-09-27,4099,2865,566
2013-09-28,5665,4007,544
2013-09-29,6194,4518,553
2013-09-30,4217,2952,539
2013-10-01,4454,3020,627
2013-10-02,3516,2370,424
2013-10-03,4062,2693,654
2013-10-04,4735,3288,611
2013-10-05,5737,4061,631
2013-10-06,5877,4256,437
2013-10-07,4582,3317,416
2013-10-08,4110,3072,400
2013-10-09,3994,2859,528
2013-10-10,4142,3002,526
2013-10-11,4396,3184,491
2013-10-12,5330,3665,609
2013-10-13,5767,4053,585
2013-10-14,4173,2899,535
2013-10-15,3276,2311,376
2013-10-16,3383,2357,421
2013-10-17,3406,2425,378
2013-10-18,4281,2899,585
2013-10-19,5147,3676,514
2013-10-20,5914,4015,744
2013-10-21,3742,2620,315
2013-10-22,3349,2359,388
2013-10-23,3363,2274,510
2013-10-24,3072,2126,342
2013-10-25,3955,2827,461
2013-10-26,5353,3716,658
2013-10-27,5471,3855,579
2013-10-28,3943,2730,459
2013-10-29,3409,2386,420
2013-10-30,3748,2493,599
2013-10-31,2982,2134,368
2013-11-01,4474,3120,501
2013-11-02,5425,3665,619
2013-11-03,6180,4408,601
2013-11-04,4061,2863,433
2013-11-05,3835,2665,559
2013-11-06,3556,2543,405
2013-11-07,3500,2497,414
2013-11-08,4126,2955,479
2013-11-09,5288,3648,699
2013-11-10,5812,4145,592
2013-11-11,4370,3067,510
2013-11-12,3231,2215,437
2013-11-13,3088,2124,401
2013-11-14,3237,2309,374
2013-11-15,3947,2589,703
2013-11-16,5502,3701,690
2013-11-17,5430,3781,554
2013-11-18,3741,2550,532
2013-11-19,3225,2242,432
2013-11-20,3100,2130,387
2013-11-21,3180,2260,381
2013-11-22,3921,2597,582
2013-11-23,5334,3645,691
2013-11-24,5288,3680,568
2013-11-25,4034,2800,488
2013-11-26,4117,2931,536
2013-11-27,4487,3309,453
2013-11-28,2359,1838,187
2013-11-29,2635,1839,293
2013-11-30,3452,2281,407
2013-12-01,4886,3208,722
2013-12-02,4715,3185,800
2013-12-03,4214,2884,611
2013-12-04,3841,2738,521
2013-12-05,3831,2637,514
2013-12-06,4410,3118,496
2013-12-07,5882,4281,717
2013-12-08,5462,3962,619
2013-12-09,4082,2913,489
2013-12-10,4296,3160,500
2013-12-11,3366,2443,401
2013-12-12,3451,2389,542
2013-12-13,3989,2738,574
2013-12-14,5299,3660,712
2013-12-15,5172,3651,573
2013-12-16,4064,2848,546
2013-12-17,3479,2403,497
2013-12-18,3453,2517,409
2013-12-19,3722,2626,522
2013-12-20,3903,2674,592
2013-12-21,5361,3715,676
2013-12-22,5356,3729,661
2013-12-23,4799,3537,568
2013-12-24,3458,2620,390
2013-12-25,0,0,0
2013-12-26,3570,2485,428
2013-12-27,4089,2767,545
2013-12-28,4575,3209,461
2013-12-29,4281,3092,396
2013-12-30,4294,3085,489
2013-12-31,4175,3271,357
2014-01-01,2913,2140,310
2014-01-02,4410,2947,717
2014-01-03,4703,3343,581
2014-01-04,5087,3701,542
2014-01-05,5472,4029,620
2014-01-06,4340,3124,522
2014-01-07,4043,2928,513
2014-01-08,3607,2668,456
2014-01-09,3395,2363,458
2014-01-10,4134,2949,479
2014-01-11,5582,4024,621
2014-01-12,5062,3852,364
2014-01-13,3720,2701,384
2014-01-14,3158,2226,425
2014-01-15,3241,2242,440
2014-01-16,3193,2308,384
2014-01-17,4137,2980,476
2014-01-18,5481,3867,569
2014-01-19,4872,3596,390
2014-01-20,4019,2787,503
2014-01-21,3089,2005,500
2014-01-22,3109,2105,428
2014-01-23,2872,2033,324
2014-01-24,3900,2786,432
2014-01-25,4750,3345,517
2014-01-26,5357,3848,533
2014-01-27,3514,2382,490
2014-01-28,2873,2009,335
2014-01-29,2621,1871,285
2014-01-30,2846,1866,439
2014-01-31,4359,2963,620
2014-02-01,6511,4542,705
2014-02-02,5090,3817,422
2014-02-03,4161,2856,502
2014-02-04,3461,2408,423
2014-02-05,3470,2413,455
2014-02-06,3566,2591,400
2014-02-07,4235,2988,495
2014-02-08,5752,4083,587
2014-02-09,5747,4166,387
2014-02-10,4316,3005,553
2014-02-11,3510,2497,379
2014-02-12,3465,2406,400
2014-02-13,3891,2798,455
2014-02-14,3659,2604,431
2014-02-15,4900,3313,574
2014-02-16,4930,3376,528
2014-02-17,3943,2749,444
2014-02-18,2988,2072,385
2014-02-19,2967,2037,353
2014-02-20,3003,2064,397
2014-02-21,3813,2615,562
2014-02-22,4790,3334,472
2014-02-23,5055,3515,442
2014-02-24,3574,2513,401
2014-02-25,3168,2020,474
2014-02-26,3018,1892,501
2014-02-27,3164,2104,412
2014-02-28,3495,2388,412
2014-03-01,5724,3831,709
2014-03-02,5516,3892,468
2014-03-03,3843,2592,480
2014-03-04,3313,2300,360
2014-03-05,2949,2107,280
2014-03-06,3263,2176,492
2014-03-07,4092,2910,443
2014-03-08,5070,3497,592
2014-03-09,5913,4174,554
2014-03-10,4372,3204,459
2014-03-11,3340,2398,352
2014-03-12,3356,2433,365
2014-03-13,3299,2392,299
2014-03-14,4059,2732,625
2014-03-15,5427,3869,565
2014-03-16,5350,3882,477
2014-03-17,3554,2452,445
2014-03-18,3187,2183,366
2014-03-19,3280,2247,376
2014-03-20,3347,2387,384
2014-03-21,3969,2795,441
2014-03-22,5073,3453,605
2014-03-23,5679,4029,516
2014-03-24,3953,2851,393
2014-03-25,3316,2377,351
2014-03-26,3081,2088,362
2014-03-27,3367,2267,471
2014-03-28,3926,2813,433
2014-03-29,4954,3381,570
2014-03-30,5767,4085,499
2014-03-31,3608,2483,364
2014-04-01,3773,2636,449
2014-04-02,4052,2826,452
2014-04-03,4029,2859,461
2014-04-04,4307,3085,483
2014-04-05,5805,3958,692
2014-04-06,6337,4639,637
2014-04-07,4494,3304,414
2014-04-08,4045,3020,370
2014-04-09,3966,2843,454
2014-04-10,4015,2875,450
2014-04-11,4350,2996,625
2014-04-12,5171,3664,493
2014-04-13,5590,3978,532
2014-04-14,3901,2828,357
2014-04-15,3490,2525,296
2014-04-16,4201,2996,379
2014-04-17,4048,2857,409
2014-04-18,5074,3738,513
2014-04-19,6257,4762,477
2014-04-20,4814,3532,457
2014-04-21,3829,2657,390
2014-04-22,3785,2630,478
2014-04-23,3344,2159,490
2014-04-24,3500,2356,452
2014-04-25,4186,3042,412
2014-04-26,5444,3741,599
2014-04-27,5570,3941,459
2014-04-28,3917,2754,406
2014-04-29,3260,2223,338
2014-04-30,3505,2414,455
2014-05-01,4061,2950,366
2014-05-02,4724,3379,535
2014-05-03,5872,4157,590
2014-05-04,6325,4613,519
2014-05-05,4383,3100,425
2014-05-06,3818,2612,456
2014-05-07,3818,2662,541
2014-05-08,3676,2542,500
2014-05-09,4386,3128,470
2014-05-10,5100,3699,542
2014-05-11,4184,2971,441
2014-05-12,4256,3144,317
2014-05-13,3996,2958,377
2014-05-14,3554,2626,309
2014-05-15,3451,2443,409
2014-05-16,4454,3076,562
2014-05-17,5041,3403,589
2014-05-18,5703,4049,528
2014-05-19,4054,2827,470
2014-05-20,3189,2256,370
2014-05-21,3179,2211,345
2014-05-22,3434,2400,433
2014-05-23,3918,2630,548
2014-05-24,4658,3158,551
2014-05-25,4520,3226,414
2014-05-26,4405,3141,379
2014-05-27,3620,2402,490
2014-05-28,3304,2089,508
2014-05-29,3196,2230,335
2014-05-30,4018,2659,503
2014-05-31,5160,3407,673
2014-06-01,6040,4216,625
2014-06-02,4388,3002,517
2014-06-03,3881,2637,499
2014-06-04,3735,2605,462
2014-06-05,3796,2597,455
2014-06-06,4227,2956,472
2014-06-07,5416,3882,497
2014-06-08,5977,4339,504
2014-06-09,4631,3415,359
2014-06-10,3894,2821,307
2014-06-11,3849,2765,393
2014-06-12,3745,2639,400
2014-06-13,4621,3250,536
2014-06-14,5589,3956,631
2014-06-15,4930,3439,507
2014-06-16,4177,2860,496
2014-06-17,3617,2398,405
2014-06-18,3998,2733,514
2014-06-19,3700,2535,413
2014-06-20,4820,3397,521
2014-06-21,5171,3509,575
2014-06-22,5450,3729,470
2014-06-23,4096,2809,480
2014-06-24,3643,2495,474
2014-06-25,3573,2410,423
2014-06-26,3478,2302,442
2014-06-27,4135,2783,541
2014-06-28,5115,3445,614
2014-06-29,5251,3751,503
2014-06-30,4295,2831,564
2014-07-01,4468,2942,558
2014-07-02,4261,2999,491
2014-07-03,5582,3948,683
2014-07-04,4455,3404,344
2014-07-05,5042,3559,525
2014-07-06,5869,4140,515
2014-07-07,4697,3391,451
2014-07-08,4460,3147,458
2014-07-09,3947,2857,330
2014-07-10,4243,3041,354
2014-07-11,4695,3276,511
2014-07-12,5465,3853,550
2014-07-13,5615,3913,533
2014-07-14,4164,2857,456
2014-07-15,3948,2738,439
2014-07-16,3919,2625,529
2014-07-17,3779,2673,410
2014-07-18,4633,3165,526
2014-07-19,5224,3626,511
2014-07-20,5962,4196,568
2014-07-21,4008,2677,453
2014-07-22,3596,2484,412
2014-07-23,3899,2692,455
2014-07-24,3890,2751,458
2014-07-25,4215,3042,402
2014-07-26,4609,3234,406
2014-07-27,5421,3776,521
2014-07-28,4579,3047,543
2014-07-29,3810,2579,471
2014-07-30,3870,2798,373
2014-07-31,3985,2703,497
2014-08-01,5229,3579,627
2014-08-02,5837,4136,624
2014-08-03,6361,4403,688
2014-08-04,5038,3533,558
2014-08-05,4289,3135,367
2014-08-06,4109,2879,466
2014-08-07,4182,2823,535
2014-08-08,4642,3316,504
2014-08-09,5767,4064,535
2014-08-10,6275,4454,570
2014-08-11,4146,2936,381
2014-08-12,3995,2675,464
2014-08-13,3966,2800,412
2014-08-14,3855,2776,361
2014-08-15,4442,2987,601
2014-08-16,5705,4024,567
2014-08-17,6331,4449,548
2014-08-18,4684,3251,538
2014-08-19,3799,2530,446
2014-08-20,3645,2493,411
2014-08-21,3619,2492,392
2014-08-22,4187,2949,389
2014-08-23,5569,3901,480
2014-08-24,6630,4733,559
2014-08-25,4000,2637,461
2014-08-26,3744,2494,472
2014-08-27,3118,2133,375
2014-08-28,3497,2437,424
2014-08-29,4432,3154,383
2014-08-30,5590,3750,629
2014-08-31,5279,3673,509
2014-09-01,5344,3742,425
2014-09-02,3999,2669,509
2014-09-03,4227,2839,539
2014-09-04,3695,2542,425
2014-09-05,4404,3057,537
2014-09-06,5828,4235,515
2014-09-07,6242,4498,480
2014-09-08,3973,2848,356
2014-09-09,4010,2801,486
2014-09-10,3815,2696,448
2014-09-11,3870,2819,361
2014-09-12,4246,2980,520
2014-09-13,5464,3777,609
2014-09-14,5690,3982,559
2014-09-15,4059,2810,427
2014-09-16,3362,2391,320
2014-09-17,3545,2311,486
2014-09-18,3227,2157,389
2014-09-19,4241,2881,501
2014-09-20,5512,3699,550
2014-09-21,5888,4159,495
2014-09-22,3849,2729,324
2014-09-23,3482,2436,382
2014-09-24,3418,2412,317
2014-09-25,3469,2319,477
2014-09-26,4012,2895,360
2014-09-27,5365,3769,562
2014-09-28,5818,4090,548
2014-09-29,4073,2837,422
2014-09-30,3797,2541,479
2014-10-01,3745,2629,406
2014-10-02,4263,2773,473
2014-10-03,4920,3516,467
2014-10-04,6177,4379,659
2014-10-05,6297,4443,492
2014-10-06,4756,3419,508
2014-10-07,4091,2841,382
2014-10-08,4080,2932,438
2014-10-09,4177,3057,424
2014-10-10,4529,3163,521
2014-10-11,5529,3883,527
2014-10-12,5818,4194,474
2014-10-13,4305,2992,464
2014-10-14,3377,2342,435
2014-10-15,3499,2269,486
2014-10-16,3349,2314,316
2014-10-17,4396,2962,610
2014-10-18,6088,4135,738
2014-10-19,6093,4342,518
2014-10-20,4291,2948,501
2014-10-21,3466,2269,513
2014-10-22,3396,2317,469
2014-10-23,3434,2313,387
2014-10-24,4141,2800,502
2014-10-25,5734,3920,645
2014-10-26,5308,3639,525
2014-10-27,4189,2846,525
2014-10-28,3454,2249,592
2014-10-29,3321,2313,481
2014-10-30,3672,2564,457
2014-10-31,3817,2735,416
2014-11-01,6542,4289,953
2014-11-02,6477,4546,571
2014-11-03,4939,3425,539
2014-11-04,3996,2859,439
2014-11-05,3452,2348,377
2014-11-06,3943,2706,543
2014-11-07,4361,2997,549
2014-11-08,5541,3886,541
2014-11-09,6090,4398,569
2014-11-10,4523,3290,438
2014-11-11,3884,2709,490
2014-11-12,3363,2340,419
2014-11-13,3319,2290,420
2014-11-14,4048,2793,520
2014-11-15,5278,3624,626
2014-11-16,5857,4048,638
2014-11-17,3928,2770,469
2014-11-18,3347,2290,419
2014-11-19,3198,2161,446
2014-11-20,3330,2269,346
2014-11-21,4143,2793,608
2014-11-22,5654,3822,659
2014-11-23,5299,3632,520
2014-11-24,4511,3185,472
2014-11-25,4275,3024,468
2014-11-26,4434,3165,462
2014-11-27,2489,1972,145
2014-11-28,3293,2295,361
2014-11-29,4504,2983,606
2014-11-30,4812,3229,563
2014-12-01,4353,2867,640
2014-12-02,3359,2311,424
2014-12-03,3444,2337,421
2014-12-04,4077,2774,479
2014-12-05,4209,2730,543
2014-12-06,5556,3741,707
2014-12-07,5404,3751,547
2014-12-08,4293,3102,436
2014-12-09,3938,2687,557
2014-12-10,4569,3222,649
2014-12-11,2298,1665,236
2014-12-12,3634,2472,453
2014-12-13,5039,3310,666
2014-12-14,5650,3860,596
2014-12-15,3632,2613,412
2014-12-16,3880,2549,588
2014-12-17,3611,2523,434
2014-12-18,3836,2671,502
2014-12-19,3832,2668,476
2014-12-20,5302,3560,736
2014-12-21,5464,3858,557
2014-12-22,4805,3460,473
2014-12-23,4531,3179,586
2014-12-24,3487,2610,277
2014-12-25,0,0,0
2014-12-26,3593,2365,491
2014-12-27,4226,2744,527
2014-12-28,4407,2958,434
2014-12-29,3825,2560,502
2014-12-30,3611,2427,434
2014-12-31,4126,2895,509
2015-01-01,3150,2179,326
2015-01-02,4663,3172,552
2015-01-03,5352,3651,530
2015-01-04,5666,4168,590
2015-01-05,4485,3140,565
2015-01-06,3616,2597,447
2015-01-07,3394,2503,331
2015-01-08,3517,2510,364
2015-01-09,4035,2899,427
2015-01-10,5705,3999,676
2015-01-11,5804,4148,530
2015-01-12,4083,2785,505
2015-01-13,3284,2240,418
2015-01-14,3225,2187,432
2015-01-15,3459,2360,447
2015-01-16,4023,2745,518
2015-01-17,5166,3480,631
2015-01-18,5195,3658,472
2015-01-19,4456,2945,570
2015-01-20,3300,2302,346
2015-01-21,3281,2228,387
2015-01-22,2901,2046,285
2015-01-23,4042,2678,505
2015-01-24,5537,3708,680
2015-01-25,5577,3727,558
2015-01-26,3381,2344,381
2015-01-27,2992,1992,429
2015-01-28,3077,2082,419
2015-01-29,3219,2131,446
2015-01-30,4159,2713,565
2015-01-31,6071,4140,623
2015-02-01,5462,3711,619
2015-02-02,3886,2640,443
2015-02-03,4051,2718,495
2015-02-04,3673,2588,384
2015-02-05,3889,2632,453
2015-02-06,4018,2797,439
2015-02-07,6314,4219,777
2015-02-08,5859,4086,507
2015-02-09,4977,3451,534
2015-02-10,4134,2809,566
2015-02-11,4040,2745,508
2015-02-12,3829,2608,438
2015-02-13,4183,2924,467
2015-02-14,4789,3253,600
2015-02-15,4824,3218,520
2015-02-16,4281,2752,507
2015-02-17,3412,2202,400
2015-02-18,3038,1961,433
2015-02-19,3180,2072,467
2015-02-20,4138,2773,500
2015-02-21,4767,3112,567
2015-02-22,5426,3559,591
2015-02-23,3548,2396,348
2015-02-24,2972,1923,378
2015-02-25,3106,1903,553
2015-02-26,3012,1842,482
2015-02-27,4114,2519,701
2015-02-28,5603,3517,803
2015-03-01,5774,3771,741
2015-03-02,4013,2688,441
2015-03-03,3827,2443,506
2015-03-04,3584,2365,476
2015-03-05,3660,2377,553
2015-03-06,4331,2897,581
2015-03-07,5234,3536,627
2015-03-08,5971,3940,608
2015-03-09,4046,2721,436
2015-03-10,3710,2408,470
2015-03-11,3474,2374,410
2015-03-12,3519,2319,507
2015-03-13,4184,2881,412
2015-03-14,5015,3270,572
2015-03-15,5805,3894,563
2015-03-16,4064,2504,668
2015-03-17,3431,2220,489
2015-03-18,3442,2216,480
2015-03-19,3194,2072,435
2015-03-20,4120,2733,506
2015-03-21,5528,3625,660
2015-03-22,5570,3709,492
2015-03-23,3818,2452,462
2015-03-24,3401,2133,540
2015-03-25,3193,2082,409
2015-03-26,3387,2210,414
2015-03-27,4041,2684,529
2015-03-28,4867,3340,528
2015-03-29,5453,3909,475
2015-03-30,4256,2755,579
2015-03-31,3877,2654,384
2015-04-01,4446,2903,632
2015-04-02,4395,2980,518
2015-04-03,5632,4005,556
2015-04-04,6636,4688,668
2015-04-05,4874,3291,502
2015-04-06,4101,2663,503
2015-04-07,3810,2538,592
2015-04-08,3809,2610,439
2015-04-09,3726,2538,448
2015-04-10,4584,3175,492
2015-04-11,5495,3627,684
2015-04-12,6093,4125,629
2015-04-13,4171,2829,432
2015-04-14,3702,2354,563
2015-04-15,3668,2370,491
2015-04-16,3732,2464,535
2015-04-17,4236,2951,412
2015-04-18,5651,3651,743
2015-04-19,5849,3868,598
2015-04-20,4131,2656,459
2015-04-21,3543,2254,504
2015-04-22,3444,2169,480
2015-04-23,3797,2510,515
2015-04-24,4312,2792,625
2015-04-25,6019,4005,632
2015-04-26,5815,3952,589
2015-04-27,3995,2712,459
2015-04-28,3526,2344,394
2015-04-29,3560,2400,456
2015-04-30,3466,2320,427
2015-05-01,5121,3579,546
2015-05-02,5801,4042,614
2015-05-03,6524,4426,613
2015-05-04,4794,3184,601
2015-05-05,4168,2891,495
2015-05-06,4025,2613,551
2015-05-07,4182,2874,506
2015-05-08,4697,3242,543
2015-05-09,5840,4146,588
2015-05-10,5014,3482,532
2015-05-11,4602,3123,631
2015-05-12,3810,2419,548
2015-05-13,3958,2594,536
2015-05-14,3487,2395,385
2015-05-15,4375,2890,588
2015-05-16,5589,3628,673
2015-05-17,5568,3722,582
2015-05-18,4185,2746,481
2015-05-19,3576,2346,519
2015-05-20,3580,2230,568
2015-05-21,3635,2396,464
2015-05-22,4578,3110,564
2015-05-23,5415,3493,686
2015-05-24,5412,3498,678
2015-05-25,4859,3306,461
2015-05-26,3609,2356,467
2015-05-27,3722,2370,564
2015-05-28,3381,2209,453
2015-05-29,3803,2475,457
2015-05-30,5342,3542,610
2015-05-31,5980,3824,717
2015-06-01,4702,3125,528
2015-06-02,4282,2803,585
2015-06-03,4007,2657,428
2015-06-04,3818,2570,414
2015-06-05,4646,3221,505
2015-06-06,5710,3748,665
2015-06-07,5826,3932,577
2015-06-08,4475,3149,408
2015-06-09,4145,2924,380
2015-06-10,4210,2883,521
2015-06-11,3844,2619,407
2015-06-12,4605,3148,496
2015-06-13,5495,3725,585
2015-06-14,5844,3952,532
2015-06-15,4454,3048,473
2015-06-16,3792,2490,409
2015-06-17,3902,2566,516
2015-06-18,4018,2592,468
2015-06-19,4780,3170,543
2015-06-20,5506,3652,613
2015-06-21,4881,3342,499
2015-06-22,4263,2863,490
2015-06-23,4259,2893,480
2015-06-24,3851,2456,511
2015-06-25,3862,2653,471
2015-06-26,4353,2776,552
2015-06-27,5328,3487,603
2015-06-28,5776,3661,684
2015-06-29,3919,2426,558
2015-06-30,4018,2615,481
2015-07-01,4550,2920,692
2015-07-02,4889,3265,596
2015-07-03,6369,4224,818
2015-07-04,4434,3071,476
2015-07-05,5142,3395,514
2015-07-06,4915,3290,548
2015-07-07,4410,2991,535
2015-07-08,4030,2649,533
2015-07-09,4220,2804,526
2015-07-10,5132,3394,657
2015-07-11,5631,3736,653
2015-07-12,5919,3772,688
2015-07-13,4424,2827,538
2015-07-14,3805,2515,417
2015-07-15,3971,2534,523
2015-07-16,4097,2672,525
2015-07-17,4598,2996,565
2015-07-18,5133,3190,703
2015-07-19,5655,3453,740
2015-07-20,4389,2877,492
2015-07-21,3796,2528,425
2015-07-22,4106,2607,634
2015-07-23,3843,2364,503
2015-07-24,4391,2838,552
2015-07-25,4611,2986,552
2015-07-26,5254,3413,526
2015-07-27,4739,3020,579
2015-07-28,3951,2515,493
2015-07-29,3632,2356,412
2015-07-30,4072,2716,475
2015-07-31,4865,3242,601
2015-08-01,5877,3804,749
2015-08-02,6768,4348,755
2015-08-03,5326,3463,682
2015-08-04,4418,2938,490
2015-08-05,4202,2822,487
2015-08-06,4332,2919,515
2015-08-07,4782,3140,622
2015-08-08,6020,3926,659
2015-08-09,6252,4115,738
2015-08-10,4720,3128,499
2015-08-11,4147,2629,590
2015-08-12,4074,2660,528
2015-08-13,3671,2384,481
2015-08-14,4419,2899,510
2015-08-15,5408,3443,747
2015-08-16,6154,3980,666
2015-08-17,4760,3166,533
2015-08-18,3796,2404,459
2015-08-19,3868,2378,660
2015-08-20,3876,2393,494
2015-08-21,4198,2666,565
2015-08-22,5122,3268,577
2015-08-23,6222,4063,609
2015-08-24,3888,2547,448
2015-08-25,3364,1985,502
2015-08-26,3558,2152,577
2015-08-27,3544,2216,597
2015-08-28,4001,2660,467
2015-08-29,5368,3484,606
2015-08-30,5869,3762,555
2015-08-31,4164,2610,566
2015-09-01,3983,2547,413
2015-09-02,3785,2402,485
2015-09-03,4327,2731,681
2015-09-04,4728,3213,480
2015-09-05,5757,3875,628
2015-09-06,5476,3554,660
2015-09-07,5636,3709,649
2015-09-08,4106,2676,532
2015-09-09,3813,2638,493
2015-09-10,3845,2557,459
2015-09-11,4380,2863,526
2015-09-12,5467,3632,581
2015-09-13,6052,4001,617
2015-09-14,4133,2714,475
2015-09-15,3928,2541,474
2015-09-16,3405,2197,407
2015-09-17,3773,2370,629
2015-09-18,4675,2933,721
2015-09-19,5627,3706,626
2015-09-20,6123,4100,598
2015-09-21,4425,2853,453
2015-09-22,3912,2540,477
2015-09-23,3656,2343,495
2015-09-24,3430,2270,386
2015-09-25,4515,2842,614
2015-09-26,5421,3628,594
2015-09-27,5838,3885,591
2015-09-28,4053,2623,483
2015-09-29,3293,2086,395
2015-09-30,3377,2193,430
2015-10-01,3941,2497,565
2015-10-02,5145,3350,692
2015-10-03,6433,4204,725
2015-10-04,6668,4609,693
2015-10-05,4847,3339,437
2015-10-06,4138,2814,481
2015-10-07,3956,2563,528
2015-10-08,3992,2640,501
2015-10-09,4748,3257,557
2015-10-10,5923,4062,521
2015-10-11,6025,4090,524
2015-10-12,4880,3183,564
2015-10-13,3977,2603,482
2015-10-14,3665,2330,474
2015-10-15,3611,2361,475
2015-10-16,4122,2615,567
2015-10-17,5582,3642,681
2015-10-18,6214,4084,630
2015-10-19,4094,2575,553
2015-10-20,3717,2334,492
2015-10-21,3717,2271,619
2015-10-22,3211,2020,442
2015-10-23,4076,2622,569
2015-10-24,5164,3268,616
2015-10-25,6013,3952,724
2015-10-26,3953,2518,505
2015-10-27,3658,2384,502
2015-10-28,3400,2102,461
2015-10-29,3380,2123,450
2015-10-30,4523,2893,605
2015-10-31,5214,3185,737
2015-11-01,5260,3307,634
2015-11-02,4173,2574,595
2015-11-03,4103,2597,475
2015-11-04,3622,2272,573
2015-11-05,3541,2185,544
2015-11-06,4284,2696,648
2015-11-07,5414,3424,665
2015-11-08,5599,3720,594
2015-11-09,3828,2537,463
2015-11-10,3928,2517,522
2015-11-11,3702,2393,471
2015-11-12,2984,1862,458
2015-11-13,3652,2258,583
2015-11-14,4954,3207,582
2015-11-15,5817,3676,708
2015-11-16,3592,2269,465
2015-11-17,3503,2070,571
2015-11-18,3463,2144,544
2015-11-19,3359,1951,622
2015-11-20,4037,2516,614
2015-11-21,5115,3206,666
2015-11-22,5614,3501,677
2015-11-23,4607,2896,633
2015-11-24,3942,2642,473
2015-11-25,4438,3101,474
2015-11-26,2160,1580,160
2015-11-27,2696,1642,402
2015-11-28,3812,2205,629
2015-11-29,4585,2847,565
2015-11-30,3806,2245,671
2015-12-01,3879,2297,704
2015-12-02,3673,2323,509
2015-12-03,3691,2185,593
2015-12-04,4084,2489,538
2015-12-05,5286,3251,730
2015-12-06,5352,3437,702
2015-12-07,4020,2640,490
2015-12-08,3560,2260,538
2015-12-09,3417,2143,538
2015-12-10,3347,2030,593
2015-12-11,3733,2251,637
2015-12-12,5130,3112,733
2015-12-13,5080,3193,649
2015-12-14,3989,2476,542
2015-12-15,3567,2224,551
2015-12-16,3545,2331,507
2015-12-17,3791,2454,498
2015-12-18,3843,2401,559
2015-12-19,5317,3236,815
2015-12-20,5069,3157,657
2015-12-21,4451,2730,738
2015-12-22,4224,2845,586
2015-12-23,4300,2958,508
2015-12-24,3803,2662,505
2015-12-25,0,0,0
2015-12-26,4137,2522,519
2015-12-27,4010,2416,533
2015-12-28,3867,2297,542
2015-12-29,3884,2294,592
2015-12-30,3613,2259,499
2015-12-31,3994,2686,476
2016-01-01,3418,2161,490
2016-01-02,5085,2970,855
2016-01-03,4986,3261,515
2016-01-04,4237,2779,462
2016-01-05,3481,2342,404
2016-01-06,3225,2197,396
2016-01-07,3867,2395,541
2016-01-08,4404,2863,593
2016-01-09,6077,4006,705
2016-01-10,5660,3897,489
2016-01-11,4001,2683,500
2016-01-12,3377,2180,465
2016-01-13,3252,2127,389
2016-01-14,3405,2149,491
2016-01-15,4026,2613,533
2016-01-16,5745,3771,670
2016-01-17,5422,3534,583
2016-01-18,4484,2905,609
2016-01-19,3026,2038,360
2016-01-20,3544,2169,502
2016-01-21,3502,2186,572
2016-01-22,3612,2320,469
2016-01-23,5923,3728,712
2016-01-24,5247,3440,475
2016-01-25,3741,2289,510
2016-01-26,3246,2049,447
2016-01-27,3031,1970,401
2016-01-28,3173,2017,460
2016-01-29,3871,2537,469
2016-01-30,5498,3481,645
2016-01-31,6032,3910,674
2016-02-01,4075,2606,527
2016-02-02,3765,2467,429
2016-02-03,3983,2537,638
2016-02-04,3928,2616,491
2016-02-05,4327,2877,503
2016-02-06,6412,4300,715
2016-02-07,4986,3464,481
2016-02-08,3933,2592,392
2016-02-09,3936,2639,460
2016-02-10,3995,2674,538
2016-02-11,4007,2644,525
2016-02-12,4111,2871,416
2016-02-13,5483,3599,598
2016-02-14,4834,3169,558
2016-02-15,4588,3009,476
2016-02-16,3650,2379,495
2016-02-17,3777,2371,557
2016-02-18,3868,2476,514
2016-02-19,4413,2795,565
2016-02-20,5283,3469,587
2016-02-21,5607,3598,656
2016-02-22,3905,2466,539
2016-02-23,3613,2406,414
2016-02-24,3369,2076,473
2016-02-25,3396,2176,451
2016-02-26,4087,2713,525
2016-02-27,5329,3459,600
2016-02-28,6198,3979,740
2016-02-29,3797,2465,414
2016-03-01,3830,2404,568
2016-03-02,3754,2435,489
2016-03-03,3769,2465,436
2016-03-04,4163,2835,441
2016-03-05,5630,3661,596
2016-03-06,6829,4435,826
2016-03-07,4393,2977,470
2016-03-08,3930,2688,455
2016-03-09,3672,2493,464
2016-03-10,3877,2511,565
2016-03-11,4049,2835,364
2016-03-12,5933,3773,743
2016-03-13,5446,3596,597
2016-03-14,4190,2775,461
2016-03-15,3457,2203,431
2016-03-16,3587,2362,472
2016-03-17,3329,2211,335
2016-03-18,4285,2749,585
2016-03-19,5659,3725,612
2016-03-20,6197,4240,493
2016-03-21,4242,2766,532
2016-03-22,3776,2598,440
2016-03-23,3770,2554,454
2016-03-24,3970,2681,474
2016-03-25,4904,3421,446
2016-03-26,6139,4251,610
2016-03-27,4669,3366,369
