series,modelo,mae,rmse,mase
store_total,media,813.8852027283065,1109.5947027485722,1.8709294699793007
store_total,naive,862.75,966.6322797660516,1.9832580747428579
store_total,naive_sazonal,459.17857142857144,655.4670908160509,1.0555428681942678
store_total,drift,863.2786624203819,966.7563014912397,1.9844733445360025
store_total,sarima,264.2131931178551,341.12040573198203,0.6073636032507449
FOODS,media,526.9285714285714,671.8300576874509,1.5403311076703654
FOODS,naive,664.6428571428571,722.8594508715271,1.942901037938559
FOODS,naive_sazonal,343.85714285714283,420.11614040473546,1.0051720146841723
FOODS,drift,664.9654610251745,723.2566717435709,1.9438440818772116
FOODS,sarima,174.48727879913153,206.07239346001916,0.5100656863194737
HOBBIES,media,110.99478969306554,141.3051675104673,1.2156186910253801
HOBBIES,naive,169.03571428571428,204.7276064851608,1.8512848603503216
HOBBIES,naive_sazonal,102.25,146.65277261029098,1.1198454585216504
HOBBIES,drift,170.30478465271457,205.90135746796344,1.865183761934964
HOBBIES,sarima,75.93871521373687,96.31619660205249,0.8316833775850581
